project,category,file,start_line,start_col,end_line,end_col
bad-partitioning,Input Validation Weakness,entry.c,116,2,116,12
bad-partitioning,Input Validation Weakness,entry.c,136,2,136,12
bad-partitioning,Input Validation Weakness,entry.c,154,2,154,12
bad-partitioning,Input Validation Weakness,entry.c,175,2,175,12
bad-partitioning,Input Validation Weakness,entry.c,201,15,201,24
bad-partitioning,Input Validation Weakness,entry.c,203,2,203,11
bad-partitioning,Input Validation Weakness,entry.c,205,12,205,28
bad-partitioning,Input Validation Weakness,entry.c,220,15,220,24
bad-partitioning,Input Validation Weakness,entry.c,222,2,222,11
bad-partitioning,Input Validation Weakness,entry.c,224,12,224,28
bad-partitioning,Input Validation Weakness,entry.c,227,2,227,12
bad-partitioning,Input Validation Weakness,entry.c,231,15,231,19
bad-partitioning,Input Validation Weakness,entry.c,238,2,238,12
bad-partitioning,Input Validation Weakness,entry.c,239,2,239,12
bad-partitioning,Input Validation Weakness,entry.c,246,2,246,12
bad-partitioning,Input Validation Weakness,entry.c,254,15,254,24
bad-partitioning,Input Validation Weakness,entry.c,256,2,256,11
bad-partitioning,Input Validation Weakness,entry.c,258,15,258,19
bad-partitioning,Input Validation Weakness,entry.c,283,15,283,24
bad-partitioning,Input Validation Weakness,entry.c,284,17,284,26
bad-partitioning,Input Validation Weakness,entry.c,285,2,285,27
bad-partitioning,Input Validation Weakness,entry.c,287,12,287,47
bad-partitioning,Input Validation Weakness,entry.c,290,2,290,12
bad-partitioning,Input Validation Weakness,entry.c,291,2,291,12
bad-partitioning,Input Validation Weakness,entry.c,293,11,293,70
bad-partitioning,Input Validation Weakness,entry.c,293,45,293,69
bad-partitioning,Input Validation Weakness,entry.c,295,10,295,30
bad-partitioning,Input Validation Weakness,entry.c,296,10,296,31
bad-partitioning,Input Validation Weakness,entry.c,306,2,306,12
bad-partitioning,Input Validation Weakness,entry.c,307,2,307,12
bad-partitioning,Input Validation Weakness,entry.c,309,2,309,12
bad-partitioning,Unencrypted Data Output,entry.c,116,39,116,42
bad-partitioning,Unencrypted Data Output,entry.c,117,65,117,68
bad-partitioning,Unencrypted Data Output,entry.c,118,18,118,18
bad-partitioning,Unencrypted Data Output,entry.c,119,18,119,18
bad-partitioning,Unencrypted Data Output,entry.c,121,68,121,71
bad-partitioning,Unencrypted Data Output,entry.c,121,74,121,75
bad-partitioning,Unencrypted Data Output,entry.c,122,71,122,74
bad-partitioning,Unencrypted Data Output,entry.c,122,77,122,78
bad-partitioning,Unencrypted Data Output,entry.c,122,81,122,81
bad-partitioning,Unencrypted Data Output,entry.c,126,74,126,75
bad-partitioning,Unencrypted Data Output,entry.c,136,39,136,42
bad-partitioning,Unencrypted Data Output,entry.c,137,65,137,68
bad-partitioning,Unencrypted Data Output,entry.c,138,18,138,18
bad-partitioning,Unencrypted Data Output,entry.c,139,18,139,18
bad-partitioning,Unencrypted Data Output,entry.c,143,68,143,71
bad-partitioning,Unencrypted Data Output,entry.c,143,74,143,75
bad-partitioning,Unencrypted Data Output,entry.c,144,71,144,74
bad-partitioning,Unencrypted Data Output,entry.c,144,77,144,78
bad-partitioning,Unencrypted Data Output,entry.c,144,81,144,81
bad-partitioning,Unencrypted Data Output,entry.c,148,74,148,75
bad-partitioning,Unencrypted Data Output,entry.c,175,39,175,41
bad-partitioning,Unencrypted Data Output,entry.c,176,65,176,67
bad-partitioning,Unencrypted Data Output,entry.c,177,18,177,18
bad-partitioning,Unencrypted Data Output,entry.c,178,18,178,18
bad-partitioning,Unencrypted Data Output,entry.c,179,18,179,18
bad-partitioning,Unencrypted Data Output,entry.c,184,68,184,70
bad-partitioning,Unencrypted Data Output,entry.c,184,73,184,74
bad-partitioning,Unencrypted Data Output,entry.c,185,71,185,73
bad-partitioning,Unencrypted Data Output,entry.c,185,76,185,77
bad-partitioning,Unencrypted Data Output,entry.c,185,80,185,80
bad-partitioning,Unencrypted Data Output,entry.c,186,18,186,18
bad-partitioning,Unencrypted Data Output,entry.c,190,73,190,74
bad-partitioning,Unencrypted Data Output,entry.c,191,76,191,77
bad-partitioning,Unencrypted Data Output,entry.c,191,80,191,80
bad-partitioning,Unencrypted Data Output,entry.c,291,39,291,41
bad-partitioning,Unencrypted Data Output,entry.c,306,14,306,16
bad-partitioning,Unencrypted Data Output,entry.c,307,14,307,16
bad-partitioning,Unencrypted Data Output,entry.c,309,39,309,41
bad-partitioning,Shared Memory Overwrite,entry.c,319,6,319,11
bad-partitioning,Shared Memory Overwrite,entry.c,324,7,324,20
bad-partitioning,Shared Memory Overwrite,entry.c,329,2,329,4
bad-partitioning,Shared Memory Overwrite,entry.c,334,6,334,11
bad-partitioning,Shared Memory Overwrite,entry.c,338,2,338,4
bad-partitioning,Shared Memory Overwrite,entry.c,340,7,340,20
bad-partitioning,Shared Memory Overwrite,entry.c,352,2,352,11
bad-partitioning,Shared Memory Overwrite,entry.c,357,13,357,36
bad-partitioning,Shared Memory Overwrite,entry.c,358,15,358,36
bad-partitioning,Shared Memory Overwrite,entry.c,359,6,359,11
bad-partitioning,Shared Memory Overwrite,entry.c,364,2,364,4
bad-partitioning,Shared Memory Overwrite,entry.c,366,7,366,20
bad-partitioning,Shared Memory Overwrite,entry.c,372,7,372,20
bad-partitioning,Shared Memory Overwrite,entry.c,378,7,378,20
bad-partitioning,Shared Memory Overwrite,entry.c,384,7,384,12
bad-partitioning,Shared Memory Overwrite,entry.c,389,7,389,12
bad-partitioning,Shared Memory Overwrite,entry.c,393,7,393,12
bad-partitioning,Shared Memory Overwrite,entry.c,422,13,422,36
bad-partitioning,Shared Memory Overwrite,entry.c,423,15,423,36
bad-partitioning,Shared Memory Overwrite,entry.c,425,6,425,11
bad-partitioning,Shared Memory Overwrite,entry.c,432,6,432,11
bad-partitioning,Shared Memory Overwrite,entry.c,437,7,437,20
bad-partitioning,Shared Memory Overwrite,entry.c,443,2,443,4
bad-partitioning,Shared Memory Overwrite,entry.c,445,7,445,20
bad-partitioning,Shared Memory Overwrite,entry.c,451,7,451,20
bad-partitioning,Shared Memory Overwrite,entry.c,457,7,457,20
bad-partitioning,Shared Memory Overwrite,entry.c,463,7,463,12
bad-partitioning,Shared Memory Overwrite,entry.c,468,7,468,12
bad-partitioning,Shared Memory Overwrite,entry.c,472,7,472,12
bad-partitioning,Shared Memory Overwrite,entry.c,476,2,476,10
